Ward No.,Ward Name,Seat,Reservation,Elected Candidate Name,Party
1,Kalas-Dhanori-Lohegaon,A,SC (Women),Ashwini Rahul Bhandare,BJP
1,,B,ST,Dangat Sangita Sandip,BJP
1,,C,OBC (Women),Tingre Rekha Chandrakant,NCP
1,,D,General,Anil Vasantrao Tingre,BJP
2,Phulenagar-Nagpur Chawl,A,SC (Women),Dhende Nandini Siddharth,NCP
2,,B,OBC,Harshal Ramesh Tingre,NCP
2,,C,General (Women),Shital Ajay Sawant,NCP
2,,D,General,Suhas Vijay Tingre,NCP
3,Vimannagar-Lohegaon,A,OBC (Women),Dr. Shreyas Pritam Khandve,BJP
3,,B,OBC,Anil Dilip Satav,BJP
3,,C,General (Women),Patil Aishwarya Atul,BJP
3,,D,General,Dabhade Ramdas Dattatray,BJP
4,Kharadi-Wagholi,A,SC,Bansode Shailjeet Jaywant,BJP
4,,B,OBC (Women),Satav Ratnamala Sandip,BJP
4,,C,General (Women),Bharane Trupti Santosh,BJP
4,,D,General,Surendra Bapusaheb Pathare,BJP
5,Kalyaninagar-Vadgaonsheri,A,OBC,Galande Narayan Mohan,BJP
5,,B,General (Women),Galande Shweta Mukund,BJP
5,,C,General (Women),Galande Kavita Mahendra,BJP
5,,D,General,Mulik Yogesh Tukaram,BJP
6,Yerawada-Gandhinagar,A,SC,Adv. Salve Avinash Raj,INC
6,,B,OBC (Women),Sheikh Saira Hanif,INC
6,,C,General (Women),Ashwini Daniel Landge,INC
6,,D,General,Vishal Hari Malke,INC
7,Gokhalenagar-Wakdewadi,A,SC (Women),Manvatkar Nisha Sachin,BJP
7,,B,OBC (Women),Anjali Vinod Orse,NCP
7,,C,General,Nikam Nilesh Narayan,NCP
7,,D,General,Dattatray Rangnath Bahirat,NCP
8,Aundh-Bopodi,A,SC,Parshuram Balakrishna Wadekar,BJP
8,,B,OBC (Women),Gaikwad Bhakti Ajit,BJP
8,,C,General (Women),Chhajed Sapna Anand,BJP
8,,D,General,Nimhan Chandrashekhar Vinayak,BJP
9,Sus-Baner-Pashan,A,ST (Women),Chimte Rohini Sudhir,BJP
9,,B,OBC,Chandere Baburao Dattoba,NCP
9,,C,General (Women),Mayuri Rahul Kokate,BJP
9,,D,General,Amol Ratan Balwadkar,NCP
10,Bavdhan-Bhusari Colony,A,OBC,Kiran Dattatray Dagde,BJP
10,,B,General (Women),Pawar Rupali Sachin,BJP
10,,C,General (Women),Varape Alpana Ganesh,BJP
10,,D,General,Dilip Tukaram Vedepatil,BJP
11,Rambaug-Shivteerthnagar,A,OBC,Harshwardhan Deepak Mankar,NCP
11,,B,General (Women),Deepali Santosh Dokh,INC
11,,C,General (Women),Manisha Sandeep Butala,BJP
11,,D,General,Kadam Ramchandra Atmaram,INC
12,Shivajinagar-Model Colony,A,SC (Women),Amruta Ram Mhetre,BJP
12,,B,OBC,Apoorva Dattatray Khade,BJP
12,,C,General (Women),Pooja Anil Panchal,BJP
12,,D,General,Ekabote Nivedita Gajanan,BJP
13,Pune Station-Jay Jawannagar,A,SC,Alhat Nilesh Suresh,BJP
13,,B,OBC (Women),Nadaf Sumayya Maheboob,INC
13,,C,General (Women),Bhalerao Vaishali Nagnath,INC
13,,D,General,Arvind Tukaram Shinde,INC
14,Koregaon Park-Mundhwa,A,SC (Women),Himali Navnath Kamble,BJP
14,,B,OBC,Dhayarkar Kishor Vishnu,BJP
14,,C,General (Women),Kavde Surekha Chandrakant,NCP
14,,D,General,Gaikwad Umesh Dnyaneshwar,BJP
15,Manjari-Keshavnagar,A,SC (Women),Abanve Nanda Anil,BJP
15,,B,OBC,Dr. Dada Kodre,BJP
15,,C,General (Women),Ghule Sarika Amit,BJP
15,,D,General,Ajit Dattatray Ghule,NCP
16,Hadapsar-Satavwadi,A,OBC (Women),Vaishali Sunil Bankar,NCP
16,,B,General (Women),Jangle Ujwala Subhash,BJP
16,,C,General,Gawade Nitin Nivrutti,SHS (UBT)
16,,D,General,Tupe Maruti Shivaji,BJP
17,Ramtekdi-Malwadi,A,SC,Londhe Khandu Satish,BJP
17,,B,OBC (Women),Magar Hemlata Nilesh,NCP
17,,C,General (Women),Payal Viraj Tupe,BJP
17,,D,General,Tupe Prashant alias Mama,BJP
18,Wanowrie-Salunke Vihar,A,OBC,Adv. Kedari Sahil Shivaji,INC
18,,B,General (Women),Kalinda Murlidhar Punde,BJP
18,,C,General (Women),Komal Samir Shendkar,BJP
18,,D,General,Jagtap Prashant Sudam,INC
19,Kondhwa Khurd-Kausar Baug,A,OBC (Women),Sheikh Taslim Hasan,INC
19,,B,General (Women),Asiya Mujamil Sheikh,INC
19,,C,General,Sayyad Kashif Fakrul,INC
19,,D,General,Abdul Gafur Ahmed Pathan,NCP-SP
20,Shankar Maharaj-Bibwewadi,A,OBC,Shilimkar Rajendra Yashwant,BJP
20,,B,General (Women),Divekar Tanvi Prashant,BJP
20,,C,General (Women),Mansi Manoj Deshpande,BJP
20,,D,General,Gaurav Ganesh Ghule,NCP
21,Mukundnagar-Salisbury Park,A,SC,Vairage Prasannajit Bharat,BJP
21,,B,OBC (Women),Shilimkar Siddhi Avinash,BJP
21,,C,General (Women),Chorbale Manisha Pravin,BJP
21,,D,General,Bhimale Shrinath Yashwant,BJP
22,Kashewadi-Dias Plot,A,SC (Women),Mrunal Pandurang Kamble,BJP
22,,B,OBC,Rafique Abdul Rahim Sheikh,INC
22,,C,General (Women),Tushar Patil,BJP
22,,D,General,Vivek Mahadev Yadav,BJP
23,Raviwar Peth-Nana Peth,A,SC,Jawale Pallavi Chandrashekhar,BJP
23,,B,OBC (Women),Andekar Sonali Vanraj,NCP
23,,C,General (Women),Andekar Laxmi Udaykant,NCP
23,,D,General,Dhanvade Vishal Gorakh,BJP
24,Kasba Ganpati-K.E.M. Hospital,A,OBC (Women),Bahirat Kalpana Dilip,BJP
24,,B,General (Women),Ujwala Ganesh Yadav,BJP
24,,C,General,Devendra Prabhakar Vadke,BJP
24,,D,General,Bidkar Ganesh Madhukar,BJP
25,Shaniwar Peth-Mandai,A,OBC (Women),Swapnali Nitin Pandit,BJP
25,,B,OBC,Raghavendra Deepak Mankar,BJP
25,,C,General (Women),Swarada Gaurav Bapat,BJP
25,,D,General,Tilak Kunal Shailesh,BJP
26,Ghorpade Peth-Samatabhumi,A,SC,Ganesh Bugaji Kalyankar,NCP
26,,B,OBC (Women),Malvade Sneha Namdev,BJP
26,,C,General (Women),Aishwarya Samrat Thorat,BJP
26,,D,General,Ajay Pandurang Khedekar,BJP
27,Navi Peth-Parvati,A,SC,Mahesh Vilas Awale,BJP
27,,B,OBC (Women),Smita Padmakar Vaste,BJP
27,,C,General (Women),Gaud Lata Raghunath,BJP
27,,D,General,Dheeraj Ramchandra Ghate,BJP
28,Janta Vasahat-Hingne Khurd,A,SC (Women),Rithe Vrushali Anand,BJP
28,,B,OBC (Women),Gadade Priya Shivaji,NCP
28,,C,General,Suraj Nathuram Lokhande,NCP
28,,D,General,Adv. Prasann Ghanshyam Jagtap,BJP
29,Deccan Gymkhana-Happy Colony,A,OBC,Pande Sunil Namdev,BJP
29,,B,General (Women),Adv. Savlekar Mitali Kuldeep,BJP
29,,C,General (Women),Khardekar Manjushri Sandeep,BJP
29,,D,General,Joshi Punit Shrikant,BJP
30,Karvenagar-Hingne Home Colony,A,OBC,Dudhane Vishnal Devram,NCP
30,,B,General (Women),Barate Reshma Santosh,BJP
30,,C,General (Women),Pavle Tejaswi Mahesh,BJP
30,,D,General,Barate Rajesh Kisan,BJP
31,Mayur Colony-Kothrud,A,OBC,Mathwad Dinesh Mahadev,BJP
31,,B,General (Women),Kulkarni Jyotsna Jagannath,BJP
31,,C,General (Women),Jadhav Vasanti Navnath,BJP
31,,D,General,Sutar Prithviraj Shashikant,BJP
32,Warje-Popular Nagar,A,SC (Women),Bhosale Harshada Shantanu,BJP
32,,B,OBC,Barate Bharatbhushan Sharadchandra,BJP
32,,C,General (Women),Vanjale Sayali Ramesh,BJP
32,,D,General,Dodke Sachin Shivaji,BJP
33,Shivane-Khadakwasla-Dhayari,A,OBC (Women),Dhanashri Dattatray Kolhe,BJP
33,,B,General (Women),Ingale Anita Tukaram,NCP-SP
33,,C,General,Nanekar Subhash Murlidhar,BJP
33,,D,General,Chauhan Sopan Bandoji,NCP-SP
34,Narhe-Vadgaon Budruk-Dhayari,A,OBC,Charvad Haridas Krishna,BJP
34,,B,General (Women),Komal Sarang Navle,BJP
34,,C,General (Women),Jayashtri Sathyavan Bhumkar,BJP
34,,D,General,Raju Murlidhar Laygudhe,BJP
35,Sun City-Manik Bagh,A,OBC (Women),Gosavi Jyoti Kishor,BJP
35,,B,General (Women),Manjusha Deepak Nagpure,BJP
35,,C,General (Women),More Sachin Raosaheb,BJP
35,,D,General,Shrikant Shashikant Jantap,BJP
36,Sahakarnagar-Padmavati,A,SC (Women),Veena Rajesh Ghosh,BJP
36,,B,OBC,Bhosle Shailaja Arun,BJP
36,,C,General (Women),Sai Prashanth Thopade,BJP
36,,D,General,Mahesh Narsingh Vable,BJP
37,Dhankawadi-Katrej Deori,A,OBC,Kishore uttam Dhankwade,BJP
37,,B,General (Women),Tapkir Varsha Vilas,SHS
37,,C,General (Women),Badak Tejashri Sachin,BJP
37,,D,General,Arun Bhagwan Rajvade,BJP
38,Balajinagar-Ambegaon-Katraj,A,OBC (Women),Smita Sudhir Konthare,NCP
38,,B,OBC,Beldare Sandeep Balasaheb,BJP
38,,C,General (Women),Beldare Seema Yuvaraj,NCP
38,,D,General (Women),Chorghe Prathiba Rohidas,BJP
38,,E,General,Khopde Vyamkoji Maruthi,BJP
39,Upper Super-Indiranagar,A,SC (Women),Varsha Bhimrao Sathe,BJP
39,,B,OBC,Pratik Prakash Kadam,NCP
39,,C,General (Women),Dhadwe Rupali Dinesh,BJP
39,,D,General,Bala Urf Pramod Premchand Oswal,BJP
40,Kondhwa Budruk-Yewalewadi,A,SC,Archana Amit Jagtap,BJP
40,,B,OBC (Women),Kamte Vrushali Sunil,BJP
40,,C,General (Women),Pooja Tushar Kadam,BJP
40,,D,General,Tikedar Ranjana Kundalik,BJP
41,Mohamadwadi-Undri,A,SC (Women),Alhat Prachi Ashish,BJP
41,,B,OBC,Bandal Nivruthi Jnanoba,NCP
41,,C,General (Women),Swetha Sachin Dhule,NCP
41,,D,General,Tarawade Atul Narayan,BJP
